{
  "w7_group128": {
    "wikitext": {
      "perplexity": 10.95685931892182,
      "num_tokens": 286720,
      "num_chunks": 140,
      "eval_time": 36.665454387664795
    }
  }
}