{
  "w4_group64": {
    "wikitext": {
      "perplexity": 11.13406987568552,
      "num_tokens": 286720,
      "num_chunks": 140,
      "eval_time": 60.550666093826294
    }
  }
}