{
  "w8_tensor": {
    "wikitext": {
      "perplexity": 10.893308662076373,
      "num_tokens": 286720,
      "num_chunks": 140,
      "eval_time": 170.6471507549286
    }
  }
}