{
  "w8_group128": {
    "wikitext": {
      "perplexity": 12.867996064897342,
      "num_tokens": 286720,
      "num_chunks": 140,
      "eval_time": 244.36462926864624
    }
  }
}